<?xml version="1.0" encoding="UTF-8" standalone="no"?><worktime name="user">
<year name="2021">
<month name="10">
<day name="22">
<begin>07:00</begin><end>15:00</end><break>30</break><extra>0</extra></day><day name="25">
<begin>08:10</begin><end>15:08</end><break>30</break><extra>30</extra></day><day name="26">
<begin>09:00</begin><end>18:11</end><break>45</break><extra>20</extra></day><day name="08">
<begin>07:00</begin><end>09:00</end><break>0</break><extra>0</extra></day></month><month name="11">
<day name="19">
<begin>08:00</begin><end>22:00</end><break>45</break><extra>0</extra></day></month><month name="07">
<day name="20">
<begin>08:00</begin><end>15:00</end><break>30</break><extra>50</extra></day></month><month name="01">
<day name="01">
<begin>06:00</begin><end>16:00</end><break>45</break><extra>0</extra></day></month></year><year name="2020">
<month name="10">
<day name="15">
<begin>06:00</begin><end>15:00</end><break>45</break><extra>0</extra></day></month></year></worktime>