<?xml version="1.0" encoding="UTF-8" standalone="no"?><worktime name="user">
<year name="2021">
<month name="10">
<day name="06">
<begin>06:00</begin><end>06:01</end><break>0</break><extra>0</extra></day><day name="01">
<begin>06:00</begin><end>05:01</end><break>0</break><extra>0</extra></day><day name="14">
<begin>00:00</begin><end>00:00</end><break>0</break><extra>0</extra></day><day name="08">
<begin>06:00</begin><end>06:00</end><break>0</break><extra>0</extra></day><day name="27">
<begin>00:00</begin><end>00:00</end><break>0</break><extra>0</extra></day><day name="15">
<begin>00:00</begin><end>00:00</end><break>0</break><extra>0</extra></day><day name="12">
<begin>00:01</begin><end>00:00</end><break>0</break><extra>0</extra></day><day name="07">
<begin>06:00</begin><end>06:01</end><break>0</break><extra>0</extra></day><day name="22">
<begin>06:04</begin><end>05:00</end><break>0</break><extra>0</extra></day><day name="29">
<begin>06:00</begin><end>13:20</end><break>0</break><extra>20</extra></day></month></year></worktime>