<?xml version="1.0" encoding="UTF-8" standalone="no"?><worktime name="user">
<year name="2021">
<month name="11">
<day name="03">
<begin>06:00</begin><end>22:00</end><break>0</break><extra>0</extra><overtime>9:0</overtime><reported>1</reported></day><day name="02">
<begin>06:00</begin><end>22:00</end><break>45</break><extra>0</extra><overtime>8:15</overtime><reported>1</reported></day><day name="17">
<begin>06:00</begin><end>22:00</end><break>45</break><extra>0</extra><overtime>8:15</overtime><reported>1</reported></day><day name="22">
<begin>06:00</begin><end>22:00</end><break>45</break><extra>0</extra><overtime>8:15</overtime><reported>1</reported></day><day name="01">
<begin>06:00</begin><end>22:00</end><break>45</break><extra>0</extra><overtime>8:15</overtime><reported>1</reported></day></month><month name="10">
<day name="05">
<begin>06:00</begin><end>22:00</end><break>45</break><extra>0</extra><overtime>8:15</overtime><reported>1</reported></day></month></year></worktime>