<?xml version="1.0" encoding="UTF-8" standalone="no"?><worktime name="user">
<year name="2021">
<month name="11">
<day name="01">
<begin>06:00</begin><end>22:00</end><break>45</break><extra>0</extra><overtime>7:15</overtime><reported>1</reported></day><day name="02">
<begin>06:00</begin><end>22:00</end><break>45</break><extra>0</extra><overtime>7:15</overtime><reported>1</reported></day><day name="09">
<begin>06:00</begin><end>08:05</end><break>0</break><extra>0</extra><overtime>-5:55</overtime><reported>0</reported></day><day name="10">
<begin>06:00</begin><end>10:30</end><break>0</break><extra>0</extra><overtime>-3:30</overtime><reported>0</reported></day><day name="25">
<begin>06:00</begin><end>22:00</end><break>45</break><extra>0</extra><overtime>7:15</overtime><reported>1</reported></day><day name="23">
<begin>06:00</begin><end>14:35</end><break>30</break><extra>0</extra><overtime>0:5</overtime><reported>0</reported></day><day name="06">
<begin>06:00</begin><end>14:35</end><break>30</break><extra>0</extra><overtime>0:05</overtime><reported>0</reported></day><day name="05">
<begin>06:00</begin><end>14:30</end><break>30</break><extra>0</extra><overtime>0:00</overtime><reported>0</reported></day></month><month name="12">
<day name="01">
<begin>06:00</begin><end>07:00</end><break>0</break><extra>0</extra><overtime>-7:0</overtime><reported>0</reported></day><day name="02">
<begin>06:00</begin><end>07:00</end><break>0</break><extra>0</extra><overtime>-7:0</overtime><reported>0</reported></day><day name="23">
<begin>06:00</begin><end>22:00</end><break>45</break><extra>0</extra><overtime>7:15</overtime><reported>1</reported></day><day name="22">
<begin>06:00</begin><end>07:00</end><break>0</break><extra>0</extra><overtime>-7:00</overtime><reported>0</reported></day></month></year><year name="2020">
<month name="11">
<day name="11">
<begin>06:00</begin><end>14:04</end><break>30</break><extra>0</extra><overtime>-0:26</overtime><reported>0</reported></day></month></year></worktime>