<?xml version="1.0" encoding="UTF-8" standalone="no"?><worktime name="user">
<year name="2021">
<month name="10">
<day name="12">
<begin>10:00</begin><end>17:00</end><break>30</break><extra>25</extra></day><day name="01">
<begin>07:13</begin><end>09:06</end><break>30</break><extra>0</extra></day><day name="06">
<begin>09:00</begin><end>18:04</end><break>30</break><extra>25</extra></day><day name="04">
<begin>04:05</begin><end>05:10</end><break>30</break><extra>0</extra></day><day name="19">
<begin>04:06</begin><end>12:16</end><break>30</break><extra>10</extra></day><day name="27">
<begin>06:09</begin><end>10:08</end><break>30</break><extra>25</extra></day><day name="22">
<begin>04:10</begin><end>17:10</end><break>30</break><extra>0</extra></day><day name="20">
<begin>06:08</begin><end>13:08</end><break>30</break><extra>0</extra></day><day name="23">
<begin>09:09</begin><end>12:12</end><break>30</break><extra>30</extra></day></month><month name="07">
<day name="16">
<begin>12:00</begin><end>15:55</end><break>30</break><extra>0</extra></day></month><month name="10">
<day name="31">
<begin>10:00</begin><end>12:00</end><break>30</break><extra>0</extra></day></month><month name="09">
<day name="02">
<begin>10:09</begin><end>19:07</end><break>30</break><extra>0</extra></day></month></year><year name="2018">
<month name="10">
<day name="18">
<begin>07:15</begin><end>16:30</end><break>30</break><extra>0</extra></day></month></year></worktime>