<worktime name="user">
<year name="2021">
<month name="10">
<day name="12">
<begin>10:00</begin><end>17:00</end><break>30</break><extra>25</extra></day></month><month name="07">
<day name="16">
<begin>12:00</begin><end>15:55</end><break>30</break><extra>0</extra></day></month><month name="10">
<day name="31">
<begin>10:00</begin><end>12:00</end><break>30</break><extra>0</extra></day></month></year><year name="2018">
<month name="10">
<day name="18">
<begin>07:15</begin><end>16:30</end><break>30</break><extra>0</extra></day></month></year></worktime>